Codon,Transcriptome,NOG2_4433_2
AAA,92655,55308.0
AAC,54350,44153.0
AAG,70026,107280.0
AAT,78082,24286.0
ACA,38088,10341.0
ACC,27147,22170.0
ACG,17783,3978.0
ACT,43244,35487.0
AGA,47555,56722.0
AGC,21664,6043.0
AGG,21015,5650.0
AGT,31265,8138.0
ATA,39178,8331.0
ATC,37671,35248.0
ATG,45715,39789.0
ATT,65500,45870.0
CAA,59543,41584.0
CAC,17093,14179.0
CAG,27304,5655.0
CAT,29960,11595.0
CCA,39204,41282.0
CCC,15411,3650.0
CCG,11795,2405.0
CCT,29547,14347.0
CGA,6443,1933.0
CGC,5736,1242.0
CGG,3896,621.0
CGT,13722,12680.0
CTA,29485,12090.0
CTC,11696,2314.0
CTG,23716,6020.0
CTT,25912,7324.0
GAA,101456,90207.0
GAC,45518,44354.0
GAG,43706,16379.0
GAT,84250,52478.0
GCA,35611,12494.0
GCC,28137,20178.0
GCG,13797,3005.0
GCT,45634,66002.0
GGA,24491,6841.0
GGC,22378,9322.0
GGG,13902,3528.0
GGT,52363,76443.0
GTA,26148,8746.0
GTC,25386,35168.0
GTG,24582,8451.0
GTT,48059,55852.0
TAC,32197,26483.0
TAT,41092,13778.0
TCA,39967,9221.0
TCC,31040,19804.0
TCG,18878,3639.0
TCT,50581,33107.0
TGC,10289,2182.0
TGG,23150,10803.0
TGT,17365,9719.0
TTA,56974,31977.0
TTC,40370,33807.0
TTG,60533,68971.0
TTT,56762,21954.0
