Codon,Transcriptome,NOG2_4433_1,NOG2_4433_2,NOG2_4433_3,NOG2_4441_1,NOG2_4441_2,NOG2_4441_3
AAA,92655,59778.0,55308.0,90900.0,54634.0,80855.0,49490.0
AAC,54350,46901.0,44153.0,70591.0,57423.0,69847.0,50829.0
AAG,70026,117808.0,107280.0,163087.0,107070.0,166268.0,95708.0
AAT,78082,25366.0,24286.0,40247.0,29998.0,45782.0,28019.0
ACA,38088,11251.0,10341.0,16688.0,12073.0,19026.0,9870.0
ACC,27147,23699.0,22170.0,34931.0,27280.0,38070.0,21800.0
ACG,17783,4075.0,3978.0,6524.0,4328.0,8158.0,3986.0
ACT,43244,37107.0,35487.0,55835.0,43426.0,56262.0,36435.0
AGA,47555,61118.0,56722.0,82512.0,59702.0,97390.0,52025.0
AGC,21664,6146.0,6043.0,9621.0,6509.0,10952.0,6142.0
AGG,21015,5994.0,5650.0,8938.0,5047.0,10479.0,4780.0
AGT,31265,8148.0,8138.0,13379.0,8706.0,14719.0,7975.0
ATA,39178,8810.0,8331.0,12979.0,9240.0,16088.0,8025.0
ATC,37671,36212.0,35248.0,54629.0,40799.0,56473.0,36153.0
ATG,40691,23915.0,23262.0,36473.0,23303.0,37447.0,21246.0
ATT,65500,46976.0,45870.0,72073.0,52754.0,80835.0,46293.0
CAA,59543,44601.0,41584.0,61959.0,48206.0,64379.0,40278.0
CAC,17093,16214.0,14179.0,21651.0,17440.0,23997.0,13998.0
CAG,27304,6267.0,5655.0,8956.0,6335.0,11297.0,5756.0
CAT,29960,12100.0,11595.0,18515.0,13492.0,21044.0,11862.0
CCA,39204,45448.0,41282.0,59251.0,47293.0,67830.0,37349.0
CCC,15411,4003.0,3650.0,6017.0,3565.0,6052.0,2768.0
CCG,11795,2551.0,2405.0,3622.0,2301.0,4432.0,1948.0
CCT,29547,14788.0,14347.0,22151.0,14713.0,23118.0,12529.0
CGA,6443,1934.0,1933.0,3041.0,1721.0,3209.0,1595.0
CGC,5736,1317.0,1242.0,1990.0,1154.0,2242.0,917.0
CGG,3896,643.0,621.0,1127.0,612.0,1460.0,604.0
CGT,13722,13194.0,12680.0,19025.0,13478.0,22514.0,11095.0
CTA,29485,12475.0,12090.0,18651.0,12376.0,20337.0,10661.0
CTC,11696,2417.0,2314.0,3556.0,2309.0,3437.0,1904.0
CTG,23716,6153.0,6020.0,9390.0,5804.0,10182.0,5110.0
CTT,25912,7512.0,7324.0,11816.0,7191.0,10727.0,6044.0
GAA,101456,95897.0,90207.0,148034.0,99225.0,162837.0,92638.0
GAC,45518,45834.0,44354.0,72769.0,45165.0,69336.0,39719.0
GAG,43706,17208.0,16379.0,27748.0,16214.0,31781.0,15880.0
GAT,84250,53538.0,52478.0,86043.0,53185.0,91549.0,49383.0
GCA,35611,12709.0,12494.0,20329.0,12392.0,23260.0,11500.0
GCC,28137,21100.0,20178.0,31789.0,21409.0,32885.0,18747.0
GCG,13797,3280.0,3005.0,5108.0,3125.0,5990.0,2864.0
GCT,45634,67101.0,66002.0,105871.0,74208.0,114865.0,67554.0
GGA,24491,7172.0,6841.0,11630.0,6901.0,15225.0,6978.0
GGC,22378,9388.0,9322.0,15447.0,9286.0,17116.0,8980.0
GGG,13902,3577.0,3528.0,5766.0,3436.0,7598.0,3386.0
GGT,52363,77276.0,76443.0,118525.0,83865.0,136459.0,80038.0
GTA,26148,8919.0,8746.0,14451.0,9144.0,15628.0,8203.0
GTC,25386,35476.0,35168.0,52565.0,36900.0,51479.0,33704.0
GTG,24582,8511.0,8451.0,15110.0,8589.0,16402.0,8506.0
GTT,48059,56179.0,55852.0,89279.0,60898.0,86404.0,55923.0
TAC,32197,28738.0,26483.0,42157.0,32374.0,43989.0,25326.0
TAT,41092,14554.0,13778.0,22273.0,15956.0,26759.0,13400.0
TCA,39967,9981.0,9221.0,14212.0,10527.0,15910.0,8839.0
TCC,31040,20514.0,19804.0,30626.0,22580.0,33695.0,19718.0
TCG,18878,3669.0,3639.0,5419.0,3802.0,6840.0,3306.0
TCT,50581,35417.0,33107.0,52174.0,41530.0,55233.0,35896.0
TGC,10289,2331.0,2182.0,3706.0,2481.0,4178.0,2131.0
TGG,23150,12222.0,10803.0,18335.0,12697.0,21650.0,10544.0
TGT,17365,9740.0,9719.0,15599.0,11894.0,16464.0,10866.0
TTA,56974,34267.0,31977.0,50397.0,34097.0,51188.0,29734.0
TTC,40370,35437.0,33807.0,54472.0,37290.0,48080.0,32213.0
TTG,60533,72278.0,68971.0,103761.0,70911.0,101648.0,63305.0
TTT,56762,22708.0,21954.0,37442.0,23869.0,35548.0,21330.0
UUU,5024,20359.0,16527.0,29100.0,11549.0,20592.0,9882.0
